epoch,auroc_any,auroc_ep,auroc_ip,auroc_iv,auroc_sa,auroc_sd,auprc_any,auprc_ep,auprc_ip,auprc_iv,auprc_sa,auprc_sd,loss_any,loss_epid,loss_ipc,loss_ivc,loss_suba,loss_subd
13,0.5517241358757019,0.5532407760620117,0.44602271914482117,0.4894736409187317,0.5473958253860474,0.4869292974472046,0.3611075282096863,0.04705215245485306,0.20439736545085907,0.15588542819023132,0.1466040015220642,0.15692955255508423,0.7150983251986048,0.6611445081730684,0.6853919682758195,0.7495312475000642,0.7617125132032447,0.6973004536220936
